tree,log,whorl_count,mean_whorl_distance
1022,2,18,28.157558738823525
116,3,12,38.27939349081817
1236,1,19,28.315694950666664
